Workbook

Sheet README
A1: October War 1973 (Yom Kippur / Ramadan War): data workbook
A2: Built for a dashboard project. Dates 6 to 25 October 1973.
A4: SHEETS
A5: Timeline: dated events by front and category, with phase and day number calculated.
A6: Forces: strength at the start of the war, by side.
A7: Losses: casualties and equipment losses as ranges, plus early-war claims by each side.
A8: Operations: first-day air strike and canal crossing figures.
A9: Diplomacy: UN resolutions and related diplomacy.
A10: Economic: oil price milestones and embargo events.
A11: Date_Spine: one row per day for a dashboard, with event counts.
A12: Summary: formula-driven totals and comparisons.
A13: Lists / Sources: dropdown lists and phase definitions; source register.
... A23: Phase boundaries (Lists sheet) are analyst-defined and can be edited.

Sheet Summary
A1: Summary
A2: All numbers on this sheet are formulas over the other sheets.
A4: Events by phase | B4: Count
A5: =Lists!B5 -> Before War | B5: =COUNTIF(Timeline!$C$5:$C$89,A5) -> 1
A6: =Lists!B6 -> 6 October | B6: =COUNTIF(Timeline!$C$5:$C$89,A6) -> 5
A7: =Lists!B7 -> First Week | B7: =COUNTIF(Timeline!$C$5:$C$89,A7) -> 5
A8: =Lists!B8 -> Counteroffensive | B8: =COUNTIF(Timeline!$C$5:$C$89,A8) -> 6
A9: =Lists!B9 -> Ceasefire | B9: =COUNTIF(Timeline!$C$5:$C$89,A9) -> 8
A12: Events by category | B12: Count
A13: =Lists!B13 -> Context | B13: =COUNTIF(Timeline!$E$5:$E$89,A13) -> 1
A14: =Lists!B14 -> Military event | B14: =COUNTIF(Timeline!$E$5:$E$89,A14) -> 6
A15: =Lists!B15 -> Air attack | B15: =COUNTIF(Timeline!$E$5:$E$89,A15) -> 1
A16: =Lists!B16 -> Canal crossing | B16: =COUNTIF(Timeline!$E$5:$E$89,A16) -> 2
A17: =Lists!B17 -> Armor | B17: =COUNTIF(Timeline!$E$5:$E$89,A17) -> 2
A18: =Lists!B18 -> Casualty claims | B18: =COUNTIF(Timeline!$E$5:$E$89,A18) -> 2
A19: =Lists!B19 -> Territory / control | B19: =COUNTIF(Timeline!$E$5:$E$89,A19) -> 3
A20: =Lists!B20 -> Diplomacy | B20: =COUNTIF(Timeline!$E$5:$E$89,A20) -> 6
A21: =Lists!B21 -> Economic | B21: =COUNTIF(Timeline!$E$5:$E$89,A21) -> 2
A24: Compiled loss estimates (mid values) | B24: Israel | C24: Arab coalition | D24: Arab / Israel ratio
A25: Killed | B25: =Losses!E5 -> 2660.5 | C25: =Losses!E22 -> 13250 | D25: =IFERROR(C25/B25,"n/a") -> 4.9802669
A26: Wounded | B26: =Losses!E6 -> 8025 | C26: =Losses!E23 -> 26500 | D26: =IFERROR(C26/B26,"n/a") -> 3.3021807
A27: Tanks destroyed | B27: =Losses!E8 -> 600 | C27: =Losses!E25 -> 2275 | D27: =IFERROR(C27/B27,"n/a") -> 3.7916667
A28: Aircraft destroyed | B28: =Losses!E10 -> 244.5 | C28: =Losses!E26 -> 427.5 | D28: =IFERROR(C28/B28,"n/a") -> 1.7484663
A29: Captured | B29: =Losses!E7 -> 293 | C29: =Losses!E24 -> 8783 | D29: =IFERROR(C29/B29,"n/a") -> 29.976109
A32: Forces at start (mid values) | B32: Israel | C32: Egypt | D32: Syria
A33: Troops | B33: =Forces!E5 -> 395000 | C33: =Forces!E10 -> 750000 | D33: =Forces!E18 -> 225000
A34: Tanks | B34: =Forces!E6 -> 1700 | C34: =Forces!E11 -> 1700 | D34: =Forces!E19 -> 1200
A35: Combat aircraft | B35: =Forces!E9 -> 440 | C35: =Forces!E14 -> 400 | D35: n/a
A36: Artillery | B36: =Forces!E8 -> 945 | C36: =Forces!E13 -> 1120 | D36: =Forces!E21 -> 600
A38: Mid = average of the low and high published estimate. It is a convenience for charts, not a statistic. Syria has no combat aircraft figure in the source used.

Sheet Timeline
A1: Timeline of the October War, 6 to 25 October 1973
A2: Day and Phase are formulas. Blue = typed data. Filter by Front, Category or Phase. Verification column says what was and was not checked.
A4: Date | B4: Day # | C4: Phase | D4: Front | E4: Category | F4: Event | G4: Detail / caveat | H4: Source | I4: Verification | J4: Confidence
A5: 26942 | B5: =A5-DATE(1973,10,6)+1 -> 0 | C5: =INDEX(Lists!$B$5:$B$9,MATCH(A5,Lists!$A$5:$A$9,1)) -> Before War | D5: Sinai | E5: Context | F5: Eve of war: Israel holds Sinai up to the Suez Canal and about half of the Golan Heights since 1967 | G5: The canal is the ceasefire line. Date is the day before the attack, used as the Before War anchor. | H5: S1 | I5: Verified (web search) | J5: High
A6: 26943 | B6: =A6-DATE(1973,10,6)+1 -> 1 | C6: =INDEX(Lists!$B$5:$B$9,MATCH(A6,Lists!$A$5:$A$9,1)) -> 6 October | D6: Sinai | E6: Military event | F6: Joint Egyptian and Syrian surprise attack on Yom Kippur, which fell in Ramadan | G6: Attack opens on the Sinai and Golan fronts. | H6: S1 | I6: Verified (web search) | J6: High
A7: 26943 | B7: =A7-DATE(1973,10,6)+1 -> 1 | C7: =INDEX(Lists!$B$5:$B$9,MATCH(A7,Lists!$A$5:$A$9,1)) -> 6 October | D7: Sinai | E7: Air attack | F7: First Egyptian air strike: 220+ aircraft | G7: Figure is the Egyptian SIS account. Present with its source and viewpoint. | H7: S7 | I7: From your brief, not independently verified | J7: Medium
A8: 26943 | B8: =A8-DATE(1973,10,6)+1 -> 1 | C8: =INDEX(Lists!$B$5:$B$9,MATCH(A8,Lists!$A$5:$A$9,1)) -> 6 October | D8: Sinai | E8: Canal crossing | F8: About 1,000 assault boats cross the canal; 60 gaps opened in the sand barrier; 8 heavy bridges, 4 light bridges and 30 ferries set up | G8: Egyptian SIS figures for the first hours. | H8: S7 | I8: From your brief, not independently verified | J8: Medium
A9: 26943 | B9: =A9-DATE(1973,10,6)+1 -> 1 | C9: =INDEX(Lists!$B$5:$B$9,MATCH(A9,Lists!$A$5:$A$9,1)) -> 6 October | D9: Sinai | E9: Territory / control | F9: Egyptian tanks and aircraft break through the Bar-Lev Line in the afternoon | H9: S9 | I9: Verified (web search) | J9: Medium
A10: 26943 | B10: =A10-DATE(1973,10,6)+1 -> 1 | C10: =INDEX(Lists!$B$5:$B$9,MATCH(A10,Lists!$A$5:$A$9,1)) -> 6 October | D10: Golan | E10: Military event | F10: Syrian troops attack Israeli positions on the Golan Heights | G10: Coordinated with the Egyptian attack. | H10: S2 | I10: Verified (web search) | J10: High
A11: 26944 | B11: =A11-DATE(1973,10,6)+1 -> 2 | C11: =INDEX(Lists!$B$5:$B$9,MATCH(A11,Lists!$A$5:$A$9,1)) -> First Week | D11: Sinai | E11: Casualty claims | F11: Egyptian communique on 6 Oct fighting claims 27 Israeli aircraft and 60 tanks destroyed, against 15 Egyptian aircraft | G11: Official Egyptian claim for one day; not a neutral count. | H11: S7 | I11: From your brief, not independently verified | J11: Low
A12: 26945 | B12: =A12-DATE(1973,10,6)+1 -> 3 | C12: =INDEX(Lists!$B$5:$B$9,MATCH(A12,Lists!$A$5:$A$9,1)) -> First Week | D12: Sinai | E12: Armor | F12: Israel launches its first counterattack against Egyptian forces; it fails | H12: S3 | I12: Verified (web search) | J12: Medium
A13: 26946 | B13: =A13-DATE(1973,10,6)+1 -> 4 | C13: =INDEX(Lists!$B$5:$B$9,MATCH(A13,Lists!$A$5:$A$9,1)) -> First Week | D13: Global / Diplomatic | E13: Casualty claims | F13: US memo records Israeli estimates of 49 aircraft and about 500 tanks lost | G13: Tank figure includes equipment out of service for a week or more. | H13: S8 | I13: From your brief, not independently verified | J13: Low
A14: 26948 | B14: =A14-DATE(1973,10,6)+1 -> 6 | C14: =INDEX(Lists!$B$5:$B$9,MATCH(A14,Lists!$A$5:$A$9,1)) -> First Week | D14: Golan | E14: Military event | F14: Israel attacks Syria from its Golan positions | H14: S3 | I14: Verified (web search) | J14: Medium
A15: 26949 | B15: =A15-DATE(1973,10,6)+1 -> 7 | C15: =INDEX(Lists!$B$5:$B$9,MATCH(A15,Lists!$A$5:$A$9,1)) -> First Week | D15: Global / Diplomatic | E15: Diplomacy | F15: United States sends additional arms shipments to Israel (12 to 13 Oct) | H15: S3 | I15: Verified (web search) | J15: Medium
A16: 26951 | B16: =A16-DATE(1973,10,6)+1 -> 9 | C16: =INDEX(Lists!$B$5:$B$9,MATCH(A16,Lists!$A$5:$A$9,1)) -> Counteroffensive | D16: Sinai | E16: Armor | F16: Large Egyptian armored offensive in Sinai is repulsed | G16: Widely described as a turning point; check exact tank counts before charting. | H16: S1 | I16: Needs checking (model knowledge) | J16: Medium
A17: 26951 | B17: =A17-DATE(1973,10,6)+1 -> 9 | C17: =INDEX(Lists!$B$5:$B$9,MATCH(A17,Lists!$A$5:$A$9,1)) -> Counteroffensive | D17: Global / Diplomatic | E17: Diplomacy | F17: United States begins a large airlift of supplies to Israel (Operation Nickel Grass) | G17: Start date should be confirmed against a primary source. | H17: S6 | I17: Needs checking (model knowledge) | J17: Medium
A18: 26953 | B18: =A18-DATE(1973,10,6)+1 -> 11 | C18: =INDEX(Lists!$B$5:$B$9,MATCH(A18,Lists!$A$5:$A$9,1)) -> Counteroffensive | D18: Sinai | E18: Canal crossing | F18: First Israeli troops cross the Suez Canal | H18: S3 | I18: Verified (web search) | J18: High
A19: 26954 | B19: =A19-DATE(1973,10,6)+1 -> 12 | C19: =INDEX(Lists!$B$5:$B$9,MATCH(A19,Lists!$A$5:$A$9,1)) -> Counteroffensive | D19: Global / Diplomatic | E19: Economic | F19: Arab oil ministers announce production cuts until Israel withdraws | G19: Start of the oil weapon. | H19: S3 | I19: Verified (web search) | J19: High
A20: 26956 | B20: =A20-DATE(1973,10,6)+1 -> 14 | C20: =INDEX(Lists!$B$5:$B$9,MATCH(A20,Lists!$A$5:$A$9,1)) -> Counteroffensive | D20: Global / Diplomatic | E20: Economic | F20: Nixon asks Congress for $2.2 billion emergency aid for Israel; OAPEC embargo on the US follows | G20: Sources date the embargo from 17 to 20 Oct; 19 Oct follows the Federal Reserve account. | H20: S5 | I20: Verified (web search) | J20: Medium
A21: 26958 | B21: =A21-DATE(1973,10,6)+1 -> 16 | C21: =INDEX(Lists!$B$5:$B$9,MATCH(A21,Lists!$A$5:$A$9,1)) -> Counteroffensive | D21: Sinai | E21: Territory / control | F21: Israeli forces led by Maj. Gen. Adan encircle the Egyptian Third Army | G21: UN notes an Israeli armored column across the canal and the Third Army about to be cut off. | H21: S3 | I21: Verified (web search) | J21: Medium
A22: 26959 | B22: =A22-DATE(1973,10,6)+1 -> 17 | C22: =INDEX(Lists!$B$5:$B$9,MATCH(A22,Lists!$A$5:$A$9,1)) -> Ceasefire | D22: Global / Diplomatic | E22: Diplomacy | F22: UN Security Council Resolution 338 calls for a ceasefire within 12 hours | G22: Adopted 14 to 0. | H22: S10 | I22: Verified (web search) | J22: High
A23: 26959 | B23: =A23-DATE(1973,10,6)+1 -> 17 | C23: =INDEX(Lists!$B$5:$B$9,MATCH(A23,Lists!$A$5:$A$9,1)) -> Ceasefire | D23: Golan | E23: Territory / control | F23: Israel takes the Syrian positions on Mount Hermon | H23: S3 | I23: Verified (web search) | J23: Medium
A24: 26959 | B24: =A24-DATE(1973,10,6)+1 -> 17 | C24: =INDEX(Lists!$B$5:$B$9,MATCH(A24,Lists!$A$5:$A$9,1)) -> Ceasefire | D24: Global / Diplomatic | E24: Diplomacy | F24: Egypt accepts Resolution 338; Syria accepts the next day | H24: S9 | I24: Verified (web search) | J24: Medium
A25: 26960 | B25: =A25-DATE(1973,10,6)+1 -> 18 | C25: =INDEX(Lists!$B$5:$B$9,MATCH(A25,Lists!$A$5:$A$9,1)) -> Ceasefire | D25: Sinai | E25: Military event | F25: Fighting continues despite the ceasefire; Israeli forces cut the Third Army off from its supply sources | G25: Each side blamed the other for the breach. | H25: S4 | I25: Verified (web search) | J25: High
A26: 26960 | B26: =A26-DATE(1973,10,6)+1 -> 18 | C26: =INDEX(Lists!$B$5:$B$9,MATCH(A26,Lists!$A$5:$A$9,1)) -> Ceasefire | D26: Global / Diplomatic | E26: Diplomacy | F26: UN Security Council Resolution 339 confirms the ceasefire and asks for observers | G26: Demands return to 22 Oct positions. | H26: S2 | I26: Verified (web search) | J26: High
A27: 26961 | B27: =A27-DATE(1973,10,6)+1 -> 19 | C27: =INDEX(Lists!$B$5:$B$9,MATCH(A27,Lists!$A$5:$A$9,1)) -> Ceasefire | D27: Sinai | E27: Military event | F27: Second ceasefire takes effect but fighting continues between Egypt and Israel | H27: S3 | I27: Verified (web search) | J27: Medium
A28: 26962 | B28: =A28-DATE(1973,10,6)+1 -> 20 | C28: =INDEX(Lists!$B$5:$B$9,MATCH(A28,Lists!$A$5:$A$9,1)) -> Ceasefire | D28: Global / Diplomatic | E28: Diplomacy | F28: UN Security Council Resolution 340 demands a full ceasefire and return to 22 Oct (1650 GMT) positions; creates UNEF II | H28: S2 | I28: Verified (web search) | J28: High
A29: 26962 | B29: =A29-DATE(1973,10,6)+1 -> 20 | C29: =INDEX(Lists!$B$5:$B$9,MATCH(A29,Lists!$A$5:$A$9,1)) -> Ceasefire | D29: Global / Diplomatic | E29: Military event | F29: US raises alert from DEFCON 4 to 3 amid US-Soviet tension; the Soviet threat is withdrawn | G29: Alert came on the night of 24 to 25 Oct. | H29: S9 | I29: Verified (web search) | J29: Medium

Sheet Forces
A1: Forces at the start of the war
A2: Ranges are the spread between published estimates. Mid = simple average of Low and High (a convenience, not a statistic).
A4: Side | B4: Metric | C4: Low | D4: High | E4: Mid | F4: Unit | G4: Source | H4: Note
A5: Israel | B5: Troops | C5: 375000 | D5: 415000 | E5: =AVERAGE(C5:D5) -> 395000 | F5: troops | G5: S1 | H5: Mobilized strength range.
A6: Israel | B6: Tanks | C6: 1700 | D6: 1700 | E6: =AVERAGE(C6:D6) -> 1700 | F6: tanks | G6: S1
A7: Israel | B7: Armored carriers | C7: 3000 | D7: 3000 | E7: =AVERAGE(C7:D7) -> 3000 | F7: vehicles | G7: S1
A8: Israel | B8: Artillery | C8: 945 | D8: 945 | E8: =AVERAGE(C8:D8) -> 945 | F8: units | G8: S1
A9: Israel | B9: Combat aircraft | C9: 440 | D9: 440 | E9: =AVERAGE(C9:D9) -> 440 | F9: aircraft | G9: S1
A10: Egypt | B10: Troops | C10: 650000 | D10: 850000 | E10: =AVERAGE(C10:D10) -> 750000 | F10: troops | G10: S1 | H10: Troops that crossed the canal: sources say 100,000 to 200,000.
A11: Egypt | B11: Tanks | C11: 1700 | D11: 1700 | E11: =AVERAGE(C11:D11) -> 1700 | F11: tanks | G11: S1 | H11: 1,020 crossed the canal (see Operations).
A12: Egypt | B12: Armored carriers | C12: 2400 | D12: 2400 | E12: =AVERAGE(C12:D12) -> 2400 | F12: vehicles | G12: S1
A13: Egypt | B13: Artillery | C13: 1120 | D13: 1120 | E13: =AVERAGE(C13:D13) -> 1120 | F13: units | G13: S1
A14: Egypt | B14: Combat aircraft | C14: 400 | D14: 400 | E14: =AVERAGE(C14:D14) -> 400 | F14: aircraft | G14: S1
A15: Egypt | B15: Helicopters | C15: 140 | D15: 140 | E15: =AVERAGE(C15:D15) -> 140 | F15: helicopters | G15: S1
A16: Egypt | B16: Naval vessels | C16: 104 | D16: 104 | E16: =AVERAGE(C16:D16) -> 104 | F16: vessels | G16: S1
A17: Egypt | B17: Surface-to-air missile batteries | C17: 150 | D17: 150 | E17: =AVERAGE(C17:D17) -> 150 | F17: batteries | G17: S1 | H17: 62 in the front line.
A18: Syria | B18: Troops | C18: 150000 | D18: 300000 | E18: =AVERAGE(C18:D18) -> 225000 | F18: troops | G18: S1
A19: Syria | B19: Tanks | C19: 1200 | D19: 1200 | E19: =AVERAGE(C19:D19) -> 1200 | F19: tanks | G19: S1
A20: Syria | B20: Armored carriers | C20: 800 | D20: 900 | E20: =AVERAGE(C20:D20) -> 850 | F20: vehicles | G20: S1
A21: Syria | B21: Artillery | C21: 600 | D21: 600 | E21: =AVERAGE(C21:D21) -> 600 | F21: units | G21: S1
A22: Arab expeditionary forces | B22: Troops | C22: 120000 | D22: 120000 | E22: =AVERAGE(C22:D22) -> 120000 | F22: troops | G22: S1 | H22: Aggregate of Iraq and others as listed by the source.
A23: Arab expeditionary forces | B23: Tanks | C23: 500 | D23: 670 | E23: =AVERAGE(C23:D23) -> 585 | F23: tanks | G23: S1
A24: Arab expeditionary forces | B24: Armored carriers | C24: 700 | D24: 700 | E24: =AVERAGE(C24:D24) -> 700 | F24: vehicles | G24: S1
A25: Saudi Arabia | B25: Troops | C25: 23000 | D25: 23000 | E25: =AVERAGE(C25:D25) -> 23000 | F25: troops | G25: S1 | H25: About 3,000 crossed.
A26: Morocco | B26: Troops | C26: 5500 | D26: 5500 | E26: =AVERAGE(C26:D26) -> 5500 | F26: troops | G26: S1
A27: Cuba | B27: Troops | C27: 500 | D27: 1000 | E27: =AVERAGE(C27:D27) -> 750 | F27: troops | G27: S1
A28: Arab coalition total | B28: Troops | C28: 914000 | D28: 1067500 | E28: =AVERAGE(C28:D28) -> 990750 | F28: troops | G28: S1
A29: Arab coalition total | B29: Tanks | C29: 3430 | D29: 3600 | E29: =AVERAGE(C29:D29) -> 3515 | F29: tanks | G29: S1
A30: Arab coalition total | B30: Combat aircraft | C30: 452 | D30: 452 | E30: =AVERAGE(C30:D30) -> 452 | F30: aircraft | G30: S1

Sheet Losses
A1: Casualties and equipment losses
A2: Figures are disputed. Each row carries its perspective and source; do not present a single row as neutral fact. Mid = average of Low and High.
A4: Side | B4: Metric | C4: Low | D4: High | E4: Mid | F4: Unit | G4: Perspective | H4: Source | I4: Note
A5: Israel | B5: Killed | C5: 2521 | D5: 2800 | E5: =AVERAGE(C5:D5) -> 2660.5 | F5: people | G5: Compiled estimates | H5: S1
A6: Israel | B6: Wounded | C6: 7250 | D6: 8800 | E6: =AVERAGE(C6:D6) -> 8025 | F6: people | G6: Compiled estimates | H6: S1
A7: Israel | B7: Captured | C7: 293 | D7: 293 | E7: =AVERAGE(C7:D7) -> 293 | F7: people | G7: Compiled estimates | H7: S1
A8: Israel | B8: Tanks destroyed | C8: 400 | D8: 800 | E8: =AVERAGE(C8:D8) -> 600 | F8: tanks | G8: Compiled estimates | H8: S1 | I8: About 600 more were damaged or captured; many returned to service.
A9: Israel | B9: Armored vehicles destroyed or captured | C9: 407 | D9: 407 | E9: =AVERAGE(C9:D9) -> 407 | F9: vehicles | G9: Compiled estimates | H9: S1
A10: Israel | B10: Aircraft destroyed | C10: 102 | D10: 387 | E10: =AVERAGE(C10:D10) -> 244.5 | F10: aircraft | G10: Compiled estimates | H10: S1 | I10: Wide range, treat with care.
A11: Egypt | B11: Killed | C11: 5000 | D11: 15000 | E11: =AVERAGE(C11:D11) -> 10000 | F11: people | G11: Compiled estimates | H11: S1 | I11: Very wide range.
A12: Egypt | B12: Captured | C12: 8372 | D12: 8372 | E12: =AVERAGE(C12:D12) -> 8372 | F12: people | G12: Compiled estimates | H12: S1
A13: Syria | B13: Killed | C13: 3000 | D13: 3500 | E13: =AVERAGE(C13:D13) -> 3250 | F13: people | G13: Compiled estimates | H13: S1
A14: Syria | B14: Captured | C14: 392 | D14: 392 | E14: =AVERAGE(C14:D14) -> 392 | F14: people | G14: Compiled estimates | H14: S1
A15: Iraq | B15: Killed | C15: 278 | D15: 278 | E15: =AVERAGE(C15:D15) -> 278 | F15: people | G15: Compiled estimates | H15: S1 | I15: 898 wounded, 13 captured.
A16: Iraq | B16: Wounded | C16: 898 | D16: 898 | E16: =AVERAGE(C16:D16) -> 898 | F16: people | G16: Compiled estimates | H16: S1
A17: Iraq | B17: Captured | C17: 13 | D17: 13 | E17: =AVERAGE(C17:D17) -> 13 | F17: people | G17: Compiled estimates | H17: S1
A18: Jordan | B18: Killed | C18: 23 | D18: 23 | E18: =AVERAGE(C18:D18) -> 23 | F18: people | G18: Compiled estimates | H18: S1 | I18: 77 wounded.
A19: Cuba | B19: Killed | C19: 180 | D19: 180 | E19: =AVERAGE(C19:D19) -> 180 | F19: people | G19: Compiled estimates | H19: S1 | I19: 250 wounded.
A20: Morocco | B20: Killed | C20: 6 | D20: 6 | E20: =AVERAGE(C20:D20) -> 6 | F20: people | G20: Compiled estimates | H20: S1 | I20: 6 captured.
A21: Kuwait | B21: Killed | C21: 18 | D21: 18 | E21: =AVERAGE(C21:D21) -> 18 | F21: people | G21: Compiled estimates | H21: S1
A22: Arab coalition total | B22: Killed | C22: 8000 | D22: 18500 | E22: =AVERAGE(C22:D22) -> 13250 | F22: people | G22: Compiled estimates | H22: S1
A23: Arab coalition total | B23: Wounded | C23: 18000 | D23: 35000 | E23: =AVERAGE(C23:D23) -> 26500 | F23: people | G23: Compiled estimates | H23: S1
A24: Arab coalition total | B24: Captured | C24: 8783 | D24: 8783 | E24: =AVERAGE(C24:D24) -> 8783 | F24: people | G24: Compiled estimates | H24: S1
A25: Arab coalition total | B25: Tanks destroyed | C25: 2250 | D25: 2300 | E25: =AVERAGE(C25:D25) -> 2275 | F25: tanks | G25: Compiled estimates | H25: S1 | I25: Destroyed or captured by some counts.
A26: Arab coalition total | B26: Aircraft destroyed | C26: 341 | D26: 514 | E26: =AVERAGE(C26:D26) -> 427.5 | F26: aircraft | G26: Compiled estimates | H26: S1
A27: Arab coalition total | B27: Naval vessels sunk | C27: 19 | D27: 19 | E27: =AVERAGE(C27:D27) -> 19 | F27: vessels | G27: Compiled estimates | H27: S1
A28: Early claim: Israeli losses | B28: Aircraft | C28: 27 | D28: 27 | E28: =AVERAGE(C28:D28) -> 27 | F28: aircraft | G28: Egyptian official claim (7 Oct, covers 6 Oct) | H28: S7 | I28: From your brief; present with its source.
A29: Early claim: Israeli losses | B29: Tanks | C29: 60 | D29: 60 | E29: =AVERAGE(C29:D29) -> 60 | F29: tanks | G29: Egyptian official claim (7 Oct, covers 6 Oct) | H29: S7 | I29: From your brief.
A30: Early claim: Egyptian losses | B30: Aircraft | C30: 15 | D30: 15 | E30: =AVERAGE(C30:D30) -> 15 | F30: aircraft | G30: Egyptian official claim (7 Oct, covers 6 Oct) | H30: S7 | I30: From your brief.
A31: Early estimate: Israeli losses | B31: Aircraft | C31: 49 | D31: 49 | E31: =AVERAGE(C31:D31) -> 49 | F31: aircraft | G31: Israeli estimate recorded in US memo (9 Oct) | H31: S8 | I31: From your brief.
A32: Early estimate: Israeli losses | B32: Tanks | C32: 500 | D32: 500 | E32: =AVERAGE(C32:D32) -> 500 | F32: tanks | G32: Israeli estimate recorded in US memo (9 Oct) | H32: S8 | I32: About 500; includes tanks out of service a week or more.

Sheet Operations
A1: Key operations: crossing and air strike
A2: Egyptian figures marked B come from your brief (attributed to Egypt's SIS) and were not independently checked.
A4: Operation | B4: Metric | C4: Value | D4: Unit | E4: Perspective | F4: Source | G4: Verification | H4: Note
A5: Egyptian first air strike, 6 Oct | B5: Aircraft participating | C5: 220 | D5: aircraft | E5: Egyptian official | F5: S7 | G5: From your brief, not independently verified | H5: "More than 220".
A6: Suez Canal crossing, 6 Oct | B6: Assault boats | C6: 1000 | D6: boats | E6: Egyptian official | F6: S7 | G6: From your brief, not independently verified | H6: About 1,000.
A7: Suez Canal crossing, 6 Oct | B7: Gaps opened in sand barrier | C7: 60 | D7: gaps | E7: Egyptian official | F7: S7 | G7: From your brief, not independently verified | H7: Within the first hours.
A8: Suez Canal crossing, 6 Oct | B8: Heavy bridges built | C8: 8 | D8: bridges | E8: Egyptian official | F8: S7 | G8: From your brief, not independently verified
A9: Suez Canal crossing, 6 Oct | B9: Light bridges built | C9: 4 | D9: bridges | E9: Egyptian official | F9: S7 | G9: From your brief, not independently verified
A10: Suez Canal crossing, 6 Oct | B10: Ferries | C10: 30 | D10: ferries | E10: Egyptian official | F10: S7 | G10: From your brief, not independently verified
A11: Egyptian crossing force | B11: Tanks that crossed | C11: 1020 | D11: tanks | E11: Compiled estimates | F11: S1 | G11: Verified (web search) | H11: Of about 1,700 tanks.
A12: Egyptian crossing force | B12: Surface-to-air missile batteries (front line) | C12: 62 | D12: batteries | E12: Compiled estimates | F12: S1 | G12: Verified (web search) | H12: Of 150 in total.
A13: Israeli crossing, Operation Abirey-Lev | B13: First Israeli troops cross the canal | D13: date: 16 Oct 1973 | E13: Israeli / secondary | F13: S3 | G13: Verified (web search) | H13: See Timeline.
A14: Total bridges and ferries (first hours) | C14: =SUM(C8:C10) -> 42 | D14: bridges + ferries

Sheet Diplomacy
A1: Diplomatic developments
A2: UN resolution wording summarized, not quoted.
A4: Date | B4: Item | C4: What it did | D4: Source | E4: Verification
A5: 26959 | B5: UN Security Council Res. 338 | C5: Called for a ceasefire within 12 hours, implementation of Res. 242 and negotiations; adopted 14 to 0. | D5: S10 | E5: Verified (web search)
A6: 26959 | B6: Egypt accepts Res. 338 | C6: Egypt accepted at once; Syria followed the next day. | D6: S9 | E6: Verified (web search)
A7: 26960 | B7: UN Security Council Res. 339 | C7: Confirmed the ceasefire, demanded return to 22 Oct positions, asked for UN observers. | D7: S2 | E7: Verified (web search)
A8: 26962 | B8: UN Security Council Res. 340 | C8: Demanded an immediate full ceasefire and return to 22 Oct (1650 GMT) positions; set up a new peacekeeping force (UNEF II). | D8: S2 | E8: Verified (web search)
A9: 26962 | B9: US alert raised to DEFCON 3 | C9: From level 4 to 3 during US-Soviet tension over the ceasefire. | D9: S9 | E9: Verified (web search)
A10: 26964 | B10: UN Security Council Res. 341 | C10: Approved the Secretary-General's report on setting up UNEF II. | D10: S2 | E10: Verified (web search)
A11: 26964 | B11: Egypt commits to full ceasefire | C11: Egypt's reply included a commitment to put the ceasefire fully into effect at 13:00 on 27 Oct (per Israeli PM statement). | D11: S11 | E11: Verified (web search)
A12: 27047 | B12: Egypt-Israel disengagement agreement | C12: First disengagement agreement after the war. | D12: S6 | E12: Verified (web search)
A13: 27106 | B13: Oil embargo officially ended | C13: Date per one source; another source gives a window running to 17 May 1974. | D13: S13 | E13: Verified (web search)

Sheet Economic
A1: Economic impact: oil prices
A2: Price in US dollars per barrel. Change is a formula against the pre-embargo price in C5.
A4: Date | B4: Milestone | C4: Price (USD/bbl) | D4: Change vs pre-embargo | E4: Source | F4: Note
A5: Before 17 Oct 1973 | B5: Price before the embargo | C5: 2.9 | D5: =C5/$C$5-1 -> 0 | E5: S5 | F5: Baseline.
A6: Oct 1973 | B6: Posted price raised | C6: 5.12 | D6: =C6/$C$5-1 -> 0.76551724 | E6: S12 | F6: One source gives 5.11 and another 5.12; the Dec 1973 rise is quoted from 5.12.
A7: 22 Dec 1973 | B7: Posted price announced | C7: 7 | D7: =C7/$C$5-1 -> 1.4137931 | E7: S12
A8: Jan 1974 | B8: Price reaches its peak level | C8: 11.65 | D8: =C8/$C$5-1 -> 3.0172414 | E8: S5 | F8: Also cited by S6.
A10: Embargo and supply events
A11: Date | B11: Event | E11: Source | F11: Note
A12: 17 Oct 1973 | B12: Arab oil ministers announce production cuts | E12: S3 | F12: Cuts of 5% a month were announced until Israel withdrew (per S12).
A13: 19 Oct 1973 | B13: OAPEC embargo on the US after Nixon's $2.2 billion aid request | E13: S5
A14: Mar 1974 | B14: Embargo lifted | E14: S5 | F14: S13 gives 18 Mar 1974.

Sheet Date_Spine
A1: Date spine for dashboards
A2: One row per day, 6 to 25 Oct 1973. Event counts come from the Timeline. Add daily metrics in new columns as you source them.
A4: Date | B4: Day # | C4: Phase | D4: Events on Timeline | E4: Egypt (Sinai) events | F4: Golan events | G4: Diplomatic / global events
A5: 26943 | B5: =A5-DATE(1973,10,6)+1 -> 1 | C5: =INDEX(Lists!$B$5:$B$9,MATCH(A5,Lists!$A$5:$A$9,1)) -> 6 October | D5: =COUNTIF(Timeline!$A$5:$A$89,A5) -> 5 | E5: =COUNTIFS(Timeline!$A$5:$A$89,A5,Timeline!$D$5:$D$89,"Sinai") -> 4 | F5: =COUNTIFS(Timeline!$A$5:$A$89,A5,Timeline!$D$5:$D$89,"Golan") -> 1 | G5: =COUNTIFS(Timeline!$A$5:$A$89,A5,Timeline!$D$5:$D$89,"Global / Diplomatic") -> 0
A6: 26944 | B6: =A6-DATE(1973,10,6)+1 -> 2 | C6: =INDEX(Lists!$B$5:$B$9,MATCH(A6,Lists!$A$5:$A$9,1)) -> First Week | D6: =COUNTIF(Timeline!$A$5:$A$89,A6) -> 1 | E6: =COUNTIFS(Timeline!$A$5:$A$89,A6,Timeline!$D$5:$D$89,"Sinai") -> 1 | F6: =COUNTIFS(Timeline!$A$5:$A$89,A6,Timeline!$D$5:$D$89,"Golan") -> 0 | G6: =COUNTIFS(Timeline!$A$5:$A$89,A6,Timeline!$D$5:$D$89,"Global / Diplomatic") -> 0
A7: 26945 | B7: =A7-DATE(1973,10,6)+1 -> 3 | C7: =INDEX(Lists!$B$5:$B$9,MATCH(A7,Lists!$A$5:$A$9,1)) -> First Week | D7: =COUNTIF(Timeline!$A$5:$A$89,A7) -> 1 | E7: =COUNTIFS(Timeline!$A$5:$A$89,A7,Timeline!$D$5:$D$89,"Sinai") -> 1 | F7: =COUNTIFS(Timeline!$A$5:$A$89,A7,Timeline!$D$5:$D$89,"Golan") -> 0 | G7: =COUNTIFS(Timeline!$A$5:$A$89,A7,Timeline!$D$5:$D$89,"Global / Diplomatic") -> 0
A8: 26946 | B8: =A8-DATE(1973,10,6)+1 -> 4 | C8: =INDEX(Lists!$B$5:$B$9,MATCH(A8,Lists!$A$5:$A$9,1)) -> First Week | D8: =COUNTIF(Timeline!$A$5:$A$89,A8) -> 1 | E8: =COUNTIFS(Timeline!$A$5:$A$89,A8,Timeline!$D$5:$D$89,"Sinai") -> 0 | F8: =COUNTIFS(Timeline!$A$5:$A$89,A8,Timeline!$D$5:$D$89,"Golan") -> 0 | G8: =COUNTIFS(Timeline!$A$5:$A$89,A8,Timeline!$D$5:$D$89,"Global / Diplomatic") -> 1
A9: 26947 | B9: =A9-DATE(1973,10,6)+1 -> 5 | C9: =INDEX(Lists!$B$5:$B$9,MATCH(A9,Lists!$A$5:$A$9,1)) -> First Week | D9: =COUNTIF(Timeline!$A$5:$A$89,A9) -> 0 | E9: =COUNTIFS(Timeline!$A$5:$A$89,A9,Timeline!$D$5:$D$89,"Sinai") -> 0 | F9: =COUNTIFS(Timeline!$A$5:$A$89,A9,Timeline!$D$5:$D$89,"Golan") -> 0 | G9: =COUNTIFS(Timeline!$A$5:$A$89,A9,Timeline!$D$5:$D$89,"Global / Diplomatic") -> 0
A10: 26948 | B10: =A10-DATE(1973,10,6)+1 -> 6 | C10: =INDEX(Lists!$B$5:$B$9,MATCH(A10,Lists!$A$5:$A$9,1)) -> First Week | D10: =COUNTIF(Timeline!$A$5:$A$89,A10) -> 1 | E10: =COUNTIFS(Timeline!$A$5:$A$89,A10,Timeline!$D$5:$D$89,"Sinai") -> 0 | F10: =COUNTIFS(Timeline!$A$5:$A$89,A10,Timeline!$D$5:$D$89,"Golan") -> 1 | G10: =COUNTIFS(Timeline!$A$5:$A$89,A10,Timeline!$D$5:$D$89,"Global / Diplomatic") -> 0
A11: 26949 | B11: =A11-DATE(1973,10,6)+1 -> 7 | C11: =INDEX(Lists!$B$5:$B$9,MATCH(A11,Lists!$A$5:$A$9,1)) -> First Week | D11: =COUNTIF(Timeline!$A$5:$A$89,A11) -> 1 | E11: =COUNTIFS(Timeline!$A$5:$A$89,A11,Timeline!$D$5:$D$89,"Sinai") -> 0 | F11: =COUNTIFS(Timeline!$A$5:$A$89,A11,Timeline!$D$5:$D$89,"Golan") -> 0 | G11: =COUNTIFS(Timeline!$A$5:$A$89,A11,Timeline!$D$5:$D$89,"Global / Diplomatic") -> 1
A12: 26950 | B12: =A12-DATE(1973,10,6)+1 -> 8 | C12: =INDEX(Lists!$B$5:$B$9,MATCH(A12,Lists!$A$5:$A$9,1)) -> First Week | D12: =COUNTIF(Timeline!$A$5:$A$89,A12) -> 0 | E12: =COUNTIFS(Timeline!$A$5:$A$89,A12,Timeline!$D$5:$D$89,"Sinai") -> 0 | F12: =COUNTIFS(Timeline!$A$5:$A$89,A12,Timeline!$D$5:$D$89,"Golan") -> 0 | G12: =COUNTIFS(Timeline!$A$5:$A$89,A12,Timeline!$D$5:$D$89,"Global / Diplomatic") -> 0
A13: 26951 | B13: =A13-DATE(1973,10,6)+1 -> 9 | C13: =INDEX(Lists!$B$5:$B$9,MATCH(A13,Lists!$A$5:$A$9,1)) -> Counteroffensive | D13: =COUNTIF(Timeline!$A$5:$A$89,A13) -> 2 | E13: =COUNTIFS(Timeline!$A$5:$A$89,A13,Timeline!$D$5:$D$89,"Sinai") -> 1 | F13: =COUNTIFS(Timeline!$A$5:$A$89,A13,Timeline!$D$5:$D$89,"Golan") -> 0 | G13: =COUNTIFS(Timeline!$A$5:$A$89,A13,Timeline!$D$5:$D$89,"Global / Diplomatic") -> 1
A14: 26952 | B14: =A14-DATE(1973,10,6)+1 -> 10 | C14: =INDEX(Lists!$B$5:$B$9,MATCH(A14,Lists!$A$5:$A$9,1)) -> Counteroffensive | D14: =COUNTIF(Timeline!$A$5:$A$89,A14) -> 0 | E14: =COUNTIFS(Timeline!$A$5:$A$89,A14,Timeline!$D$5:$D$89,"Sinai") -> 0 | F14: =COUNTIFS(Timeline!$A$5:$A$89,A14,Timeline!$D$5:$D$89,"Golan") -> 0 | G14: =COUNTIFS(Timeline!$A$5:$A$89,A14,Timeline!$D$5:$D$89,"Global / Diplomatic") -> 0
A15: 26953 | B15: =A15-DATE(1973,10,6)+1 -> 11 | C15: =INDEX(Lists!$B$5:$B$9,MATCH(A15,Lists!$A$5:$A$9,1)) -> Counteroffensive | D15: =COUNTIF(Timeline!$A$5:$A$89,A15) -> 1 | E15: =COUNTIFS(Timeline!$A$5:$A$89,A15,Timeline!$D$5:$D$89,"Sinai") -> 1 | F15: =COUNTIFS(Timeline!$A$5:$A$89,A15,Timeline!$D$5:$D$89,"Golan") -> 0 | G15: =COUNTIFS(Timeline!$A$5:$A$89,A15,Timeline!$D$5:$D$89,"Global / Diplomatic") -> 0
A16: 26954 | B16: =A16-DATE(1973,10,6)+1 -> 12 | C16: =INDEX(Lists!$B$5:$B$9,MATCH(A16,Lists!$A$5:$A$9,1)) -> Counteroffensive | D16: =COUNTIF(Timeline!$A$5:$A$89,A16) -> 1 | E16: =COUNTIFS(Timeline!$A$5:$A$89,A16,Timeline!$D$5:$D$89,"Sinai") -> 0 | F16: =COUNTIFS(Timeline!$A$5:$A$89,A16,Timeline!$D$5:$D$89,"Golan") -> 0 | G16: =COUNTIFS(Timeline!$A$5:$A$89,A16,Timeline!$D$5:$D$89,"Global / Diplomatic") -> 1
... A24: 26962 | B24: =A24-DATE(1973,10,6)+1 -> 20 | C24: =INDEX(Lists!$B$5:$B$9,MATCH(A24,Lists!$A$5:$A$9,1)) -> Ceasefire | D24: =COUNTIF(Timeline!$A$5:$A$89,A24) -> 2 | E24: =COUNTIFS(Timeline!$A$5:$A$89,A24,Timeline!$D$5:$D$89,"Sinai") -> 0 | F24: =COUNTIFS(Timeline!$A$5:$A$89,A24,Timeline!$D$5:$D$89,"Golan") -> 0 | G24: =COUNTIFS(Timeline!$A$5:$A$89,A24,Timeline!$D$5:$D$89,"Global / Diplomatic") -> 2

Sheet Sources
A1: Sources
A2: IDs match the Source columns on every sheet.
A4: ID | B4: Source | C4: URL | D4: Type | E4: Used for
A5: S1 | B5: Wikipedia: Yom Kippur War | C5: https://en.wikipedia.org/wiki/Yom_Kippur_War | D5: Compiled / secondary | E5: Forces, casualties, equipment losses, 1967 context
A6: S2 | B6: UN Peacekeeping: UNEF II background | C6: https://peacekeeping.un.org/sites/default/files/past/unef2backgr2.html | D6: Primary / UN | E6: Resolutions 338, 339, 340, 341; Third Army situation 21 Oct
A7: S3 | B7: JWeekly: Yom Kippur War timeline | C7: https://jweekly.com/?p=16393 | D7: Secondary | E7: Daily events 8 to 25 Oct, oil production cut 17 Oct
A8: S4 | B8: Israel State Archives: 23 Oct 1973 | C8: https://catalog.archives.gov.il/en/?p=23727 | D8: Primary / Israeli archive | E8: Ceasefire fighting 23 Oct, Third Army cut off
A9: S5 | B9: Federal Reserve History: Oil Shock of 1973-74 | C9: https://www.federalreservehistory.org/essays/oil-shock-of-1973-74 | D9: Primary / US central bank | E9: Embargo date, $2.90 to $11.65 oil price
A10: S6 | B10: EBSCO Research Starter: Oil embargo 1973-74 | C10: https://www.ebsco.com/research-starters/history/oil-embargo-1973-1974/ | D10: Secondary | E10: Embargo timing, 18 Jan 1974 disengagement
A11: S7 | B11: Egyptian State Information Service (SIS), as quoted in your brief | C11: (no URL supplied) | D11: Egyptian official | E11: First-day air strike and crossing figures, 7 Oct communique
A12: S8 | B12: US diplomatic archive memo, 9 Oct 1973, as quoted in your brief | C12: (no URL supplied) | D12: US archive quoting Israeli estimates | E12: Early Israeli loss estimates
A13: S9 | B13: Palquest: Overall chronology, October 1973 War | C13: https://palquest.org/en/overallchronology?nid=166 | D13: Secondary | E13: Bar-Lev breach, acceptance of 338, DEFCON 3
A14: S10 | B14: UN Digital Library: S/RES/340 (1973) | C14: https://digitallibrary.un.org/record/93468/files/S_RES_340%281973%29-FR.pdf | D14: Primary / UN | E14: Text and vote of resolutions 338 to 341
A15: S11 | B15: Golda Meir statement to the Knesset, 13 Nov 1973 (Jewish Virtual Library) | C15: https://www.jewishvirtuallibrary.org/statement-to-the-knesset-by-prime-minister-golda-meir-november-13-1973 | D15: Primary / Israeli government | E15: Ceasefire sequence, 27 Oct full ceasefire
... A17: S13 | B17: AAPG Explorer: The Embargo | C17: https://www.aapg.org/news-and-media/details/explorer/articleid/45784/leader-skills-vital-for-career-aapg | D17: Secondary | E17: Embargo end date 18 Mar 1974

Sheet Lists
A1: Lists and phase definitions
A2: Phase start dates are analyst-defined (editable). The Timeline phase column looks these up by date.
A4: Phase start | B4: Phase | C4: Rule
A5: 26938 | B5: Before War | C5: Before 6 Oct
A6: 26943 | B6: 6 October | C6: Day 1
A7: 26944 | B7: First Week | C7: 7 to 13 Oct
A8: 26951 | B8: Counteroffensive | C8: 14 to 21 Oct
A9: 26959 | B9: Ceasefire | C9: 22 Oct onward
A12: Front | B12: Category | C12: Confidence | D12: Verification
A13: Sinai | B13: Context | C13: High | D13: Verified (web search)
A14: Golan | B14: Military event | C14: Medium | D14: From your brief, not independently verified
A15: Global / Diplomatic | B15: Air attack | C15: Low | D15: Needs checking (model knowledge)
B16: Canal crossing
B17: Armor
B18: Casualty claims
B19: Territory / control
B20: Diplomacy
B21: Economic
